DELETE FROM User;
DELETE FROM Course;
DELETE FROM TeacherCourse;
DELETE FROM Class;
DELETE FROM Lecture;
DELETE FROM Booking;
DELETE FROM Enrollment;
DELETE FROM EmailQueue;
DELETE FROM WaitingList;
DELETE FROM Schedule;

INSERT INTO User(userId, type, firstName, lastName, email, password) VALUES(1, 'STUDENT', 'Aldo', 'Baglio', 'fakeStudent.se2@gmail.com', 'aldo');
INSERT INTO User(userId, type, firstName, lastName, email, password) VALUES(2, 'STUDENT', 'Giovanni', 'Storti', 'giovanni.storti@agg.it', 'giovanni');
INSERT INTO User(userId, type, firstName, lastName, email, password) VALUES(3, 'STUDENT', 'Silvana', 'Fallisi', 'silvana.fallisi@agg.it', 'silvana');
INSERT INTO User(userId, type, firstName, lastName, email, password) VALUES(6, 'STUDENT', 'Gerri', 'Scotti', 'student6@test.it', 'student6');
INSERT INTO User(userId, type, firstName, lastName, email, password) VALUES(7, 'STUDENT', 'Pippo', 'Baudo', 'student6@test.it', 'student6');
INSERT INTO User(userId, type, firstName, lastName, email, password) VALUES(8, 'STUDENT', 'Ezio', 'Greggio', 'student8@test.it', 'student8');
INSERT INTO User(userId, type, firstName, lastName, email, password) VALUES(9, 'STUDENT', 'Enzo', 'Iacchetti', 'student9@test.it', 'student9');
INSERT INTO User(userId, type, firstName, lastName, email, password) VALUES(10, 'STUDENT', 'Pippo', 'Franco', 'student10@test.it', 'student10');
INSERT INTO User(userId, type, firstName, lastName, email, password) VALUES(11, 'STUDENT', 'Maurizio', 'Costanzo', 'student11@test.it', 'student11');
INSERT INTO User(userId, type, firstName, lastName, email, password) VALUES(12, 'STUDENT', 'Fabio', 'Fazio', 'student12@test.it', 'student12');
INSERT INTO User(userId, type, firstName, lastName, email, password) VALUES(13, 'STUDENT', 'Antonella', 'Clerici', 'student13@test.it', 'student13');

INSERT INTO Course(courseId, description, year) VALUES(1, 'Software enginnering 2', 1);
INSERT INTO Course(courseId, description, year) VALUES(2, 'Computer system security', 1);
INSERT INTO Course(courseId, description, year) VALUES(3, 'Machine learning and artificial intelligence', 1);
INSERT INTO Course(courseId, description, year) VALUES(4, 'Web application', 1);
INSERT INTO Course(courseId, description, year) VALUES(5, 'Big data', 1);
INSERT INTO Course(courseId, description, year) VALUES(6, 'Optimization methods and algorithms', 1);
INSERT INTO Course(courseId, description, year) VALUES(7, 'System-on-chip architecture', 1);
INSERT INTO Course(courseId, description, year) VALUES(8, 'Human Computer Interaction', 1);
INSERT INTO Course(courseId, description, year) VALUES(9, 'Energy management for IoT', 1);
INSERT INTO Course(courseId, description, year) VALUES(10, 'GPU programming', 1);

INSERT INTO User(userId, type, firstName, lastName, email, password) VALUES(4, 'TEACHER', 'Giacomo', 'Poretti', 'fakeTeacher.se2@gmail.com', 'giacomo');
INSERT INTO User(userId, type, firstName, lastName, email, password) VALUES(5, 'TEACHER', 'Marina', 'Massironi', 'enis.laron@extraale.com', 'marina');
INSERT INTO User(userId, type, firstName, lastName, email, password) VALUES(14, 'TEACHER', 'Maurizio', 'Crozza', 'teacher14@test.it', 'teacher14');
INSERT INTO User(userId, type, firstName, lastName, email, password) VALUES(15, 'TEACHER', 'Vanessa', 'Incontrada', 'teacher15@test.it', 'teacher15');
INSERT INTO User(userId, type, firstName, lastName, email, password) VALUES(16, 'TEACHER', 'Mara', 'Venier', 'teacher16@test.it', 'teacher16');
INSERT INTO User(userId, type, firstName, lastName, email, password) VALUES(17, 'TEACHER', 'Carlo', 'Conti', 'teacher16@test.it', 'teacher16');
INSERT INTO User(userId, type, firstName, lastName, email, password) VALUES(18, 'TEACHER', 'Rosario', 'Fiorello', 'teacher18@test.it', 'teacher18');
INSERT INTO User(userId, type, firstName, lastName, email, password) VALUES(19, 'TEACHER', 'Amedeo', 'Umberto Rita', 'teacher19@test.it', 'teacher19');
INSERT INTO User(userId, type, firstName, lastName, email, password) VALUES(20, 'TEACHER', 'Michelle', 'Hunziker', 'teacher20@test.it', 'teacher20');
INSERT INTO User(userId, type, firstName, lastName, email, password) VALUES(21, 'TEACHER', 'Piero', 'Angela', 'teacher21@test.it', 'teacher21');

INSERT INTO User(userId, type, firstName, lastName, email, password) VALUES(22, 'MANAGER', 'Bobo', 'Vieri', 'manager@test.it', 'manager');

INSERT INTO User(userId, type, firstName, lastName, email, password) VALUES(23, 'SUPPORT', 'Pino', 'Insegno', 'officer1@test.it', 'officer1');

INSERT INTO TeacherCourse(teacherId, courseId, isValid) VALUES(4, 1, 1);
INSERT INTO TeacherCourse(teacherId, courseId, isValid) VALUES(4, 2, 1);
INSERT INTO TeacherCourse(teacherId, courseId, isValid) VALUES(4, 5, 1);
INSERT INTO TeacherCourse(teacherId, courseId, isValid) VALUES(5, 3, 1);
INSERT INTO TeacherCourse(teacherId, courseId, isValid) VALUES(4, 6, 1);
INSERT INTO TeacherCourse(teacherId, courseId, isValid) VALUES(4, 7, 1);
INSERT INTO TeacherCourse(teacherId, courseId, isValid) VALUES(5, 8, 1);
INSERT INTO TeacherCourse(teacherId, courseId, isValid) VALUES(4, 9, 1);
INSERT INTO TeacherCourse(teacherId, courseId, isValid) VALUES(4, 10, 1);

INSERT INTO Enrollment(studentId, courseId, year) VALUES(1, 1, 2020);
INSERT INTO Enrollment(studentId, courseId, year) VALUES(1, 2, 2020);
INSERT INTO Enrollment(studentId, courseId, year) VALUES(1, 3, 2020);
INSERT INTO Enrollment(studentId, courseId, year) VALUES(1, 8, 2020);
INSERT INTO Enrollment(studentId, courseId, year) VALUES(1, 9, 2020);
INSERT INTO Enrollment(studentId, courseId, year) VALUES(2, 10, 2020);
INSERT INTO Enrollment(studentId, courseId, year) VALUES(3, 3, 2020);
INSERT INTO Enrollment(studentId, courseId, year) VALUES(3, 4, 2020);

INSERT INTO Enrollment(studentId, courseId, year) VALUES(6, 1, 2020);
INSERT INTO Enrollment(studentId, courseId, year) VALUES(6, 2, 2020);
INSERT INTO Enrollment(studentId, courseId, year) VALUES(6, 3, 2020);
INSERT INTO Enrollment(studentId, courseId, year) VALUES(6, 4, 2020);
INSERT INTO Enrollment(studentId, courseId, year) VALUES(6, 6, 2020);
INSERT INTO Enrollment(studentId, courseId, year) VALUES(6, 7, 2020);
INSERT INTO Enrollment(studentId, courseId, year) VALUES(6, 8, 2020);
INSERT INTO Enrollment(studentId, courseId, year) VALUES(6, 9, 2020);
INSERT INTO Enrollment(studentId, courseId, year) VALUES(6, 10, 2020);
INSERT INTO Enrollment(studentId, courseId, year) VALUES(7, 1, 2020);
INSERT INTO Enrollment(studentId, courseId, year) VALUES(7, 2, 2020);
INSERT INTO Enrollment(studentId, courseId, year) VALUES(7, 3, 2020);
INSERT INTO Enrollment(studentId, courseId, year) VALUES(7, 4, 2020);
INSERT INTO Enrollment(studentId, courseId, year) VALUES(7, 6, 2020);
INSERT INTO Enrollment(studentId, courseId, year) VALUES(7, 7, 2020);
INSERT INTO Enrollment(studentId, courseId, year) VALUES(7, 8, 2020);
INSERT INTO Enrollment(studentId, courseId, year) VALUES(7, 9, 2020);
INSERT INTO Enrollment(studentId, courseId, year) VALUES(7, 10, 2020);
INSERT INTO Enrollment(studentId, courseId, year) VALUES(8, 1, 2020);
INSERT INTO Enrollment(studentId, courseId, year) VALUES(8, 2, 2020);
INSERT INTO Enrollment(studentId, courseId, year) VALUES(8, 3, 2020);
INSERT INTO Enrollment(studentId, courseId, year) VALUES(8, 4, 2020);
INSERT INTO Enrollment(studentId, courseId, year) VALUES(8, 6, 2020);
INSERT INTO Enrollment(studentId, courseId, year) VALUES(8, 7, 2020);
INSERT INTO Enrollment(studentId, courseId, year) VALUES(8, 8, 2020);
INSERT INTO Enrollment(studentId, courseId, year) VALUES(8, 9, 2020);
INSERT INTO Enrollment(studentId, courseId, year) VALUES(8, 10, 2020);
INSERT INTO Enrollment(studentId, courseId, year) VALUES(9, 1, 2020);
INSERT INTO Enrollment(studentId, courseId, year) VALUES(9, 2, 2020);
INSERT INTO Enrollment(studentId, courseId, year) VALUES(9, 3, 2020);
INSERT INTO Enrollment(studentId, courseId, year) VALUES(9, 4, 2020);
INSERT INTO Enrollment(studentId, courseId, year) VALUES(9, 6, 2020);
INSERT INTO Enrollment(studentId, courseId, year) VALUES(9, 7, 2020);
INSERT INTO Enrollment(studentId, courseId, year) VALUES(9, 8, 2020);
INSERT INTO Enrollment(studentId, courseId, year) VALUES(9, 9, 2020);
INSERT INTO Enrollment(studentId, courseId, year) VALUES(9, 10, 2020);
INSERT INTO Enrollment(studentId, courseId, year) VALUES(10, 1, 2020);
INSERT INTO Enrollment(studentId, courseId, year) VALUES(10, 2, 2020);
INSERT INTO Enrollment(studentId, courseId, year) VALUES(10, 3, 2020);
INSERT INTO Enrollment(studentId, courseId, year) VALUES(10, 4, 2020);
INSERT INTO Enrollment(studentId, courseId, year) VALUES(10, 6, 2020);
INSERT INTO Enrollment(studentId, courseId, year) VALUES(10, 7, 2020);
INSERT INTO Enrollment(studentId, courseId, year) VALUES(10, 8, 2020);
INSERT INTO Enrollment(studentId, courseId, year) VALUES(10, 9, 2020);
INSERT INTO Enrollment(studentId, courseId, year) VALUES(10, 10, 2020);
INSERT INTO Enrollment(studentId, courseId, year) VALUES(11, 1, 2020);
INSERT INTO Enrollment(studentId, courseId, year) VALUES(11, 2, 2020);
INSERT INTO Enrollment(studentId, courseId, year) VALUES(11, 3, 2020);
INSERT INTO Enrollment(studentId, courseId, year) VALUES(11, 4, 2020);
INSERT INTO Enrollment(studentId, courseId, year) VALUES(11, 6, 2020);
INSERT INTO Enrollment(studentId, courseId, year) VALUES(11, 7, 2020);
INSERT INTO Enrollment(studentId, courseId, year) VALUES(11, 8, 2020);
INSERT INTO Enrollment(studentId, courseId, year) VALUES(11, 9, 2020);
INSERT INTO Enrollment(studentId, courseId, year) VALUES(11, 10, 2020);
INSERT INTO Enrollment(studentId, courseId, year) VALUES(12, 1, 2020);
INSERT INTO Enrollment(studentId, courseId, year) VALUES(12, 2, 2020);
INSERT INTO Enrollment(studentId, courseId, year) VALUES(12, 3, 2020);
INSERT INTO Enrollment(studentId, courseId, year) VALUES(12, 4, 2020);
INSERT INTO Enrollment(studentId, courseId, year) VALUES(12, 6, 2020);
INSERT INTO Enrollment(studentId, courseId, year) VALUES(12, 7, 2020);
INSERT INTO Enrollment(studentId, courseId, year) VALUES(12, 8, 2020);
INSERT INTO Enrollment(studentId, courseId, year) VALUES(12, 9, 2020);
INSERT INTO Enrollment(studentId, courseId, year) VALUES(12, 10, 2020);
INSERT INTO Enrollment(studentId, courseId, year) VALUES(13, 1, 2020);
INSERT INTO Enrollment(studentId, courseId, year) VALUES(13, 2, 2020);
INSERT INTO Enrollment(studentId, courseId, year) VALUES(13, 3, 2020);
INSERT INTO Enrollment(studentId, courseId, year) VALUES(13, 4, 2020);
INSERT INTO Enrollment(studentId, courseId, year) VALUES(13, 6, 2020);
INSERT INTO Enrollment(studentId, courseId, year) VALUES(13, 7, 2020);
INSERT INTO Enrollment(studentId, courseId, year) VALUES(13, 8, 2020);
INSERT INTO Enrollment(studentId, courseId, year) VALUES(13, 9, 2020);
INSERT INTO Enrollment(studentId, courseId, year) VALUES(13, 10, 2020);

INSERT INTO Class(classId, description, capacity) VALUES(1, '1A', 10);
INSERT INTO Class(classId, description, capacity) VALUES(2, '2A', 10);
INSERT INTO Class(classId, description, capacity) VALUES(3, '3A', 10);
INSERT INTO Class(classId, description, capacity) VALUES(4, '1B', 10);
INSERT INTO Class(classId, description, capacity) VALUES(5, '2B', 10);
INSERT INTO Class(classId, description, capacity) VALUES(6, '3B', 10);
INSERT INTO Class(classId, description, capacity) VALUES(7, '1C', 10);
INSERT INTO Class(classId, description, capacity) VALUES(8, '2C', 10);
INSERT INTO Class(classId, description, capacity) VALUES(9, '3C', 10);
INSERT INTO Class(classId, description, capacity) VALUES(10, '1D', 10);

INSERT INTO Lecture(lectureId, courseId, classId, startingDate, duration, bookingDeadline, delivery) VALUES(1, 1, 1, DATETIME('now', '+1 day', 'start of day', '8 hours', '30 minutes'), 1000*60*90, DATETIME('now', 'start of day', '23 hours', '59 minutes'), 'PRESENCE');
INSERT INTO Lecture(lectureId, courseId, classId, startingDate, duration, bookingDeadline, delivery) VALUES(4, 1, 3, DATETIME('now', '+2 day', 'start of day', '10 hours', '00 minutes'), 1000*60*90, DATETIME('now', '1 day', 'start of day', '23 hours', '59 minutes'), 'PRESENCE');
INSERT INTO Lecture(lectureId, courseId, classId, startingDate, duration, bookingDeadline, delivery) VALUES(2, 2, 2, DATETIME('now', '+1 day', 'start of day', '8 hours', '30 minutes'), 1000*60*90, DATETIME('now', 'start of day', '23 hours', '59 minutes'), 'PRESENCE');
INSERT INTO Lecture(lectureId, courseId, classId, startingDate, duration, bookingDeadline, delivery) VALUES(3, 3, 3, DATETIME('now', '+1 day', 'start of day', '14 hours', '30 minutes'), 1000*60*90*3, DATETIME('now', 'start of day', '23 hours', '59 minutes'), 'PRESENCE');
INSERT INTO Lecture(lectureId, courseId, classId, startingDate, duration, bookingDeadline, delivery) VALUES(5, 1, 1, DATETIME('now', '+5 day', 'start of day', '14 hours', '30 minutes'), 1000*60*90, DATETIME('now', '-1 day', 'start of day', '23 hours', '59 minutes'), 'PRESENCE');
INSERT INTO Lecture(lectureId, courseId, classId, startingDate, duration, bookingDeadline, delivery) VALUES(6, 1, 1, DATETIME('now', '-3 day', 'start of day', '8 hours', '30 minutes'), 1000*60*90, DATETIME('now', '-4 day', 'start of day', '23 hours', '59 minutes'), 'PRESENCE');
INSERT INTO Lecture(lectureId, courseId, classId, startingDate, duration, bookingDeadline, delivery) VALUES(7, 1, 1, DATETIME('now', '+5 day', 'start of day', '17 hours', '30 minutes'), 1000*60*90, DATETIME('now', '+4 day', 'start of day', '23 hours', '59 minutes'), 'REMOTE');
INSERT INTO Lecture(lectureId, courseId, classId, startingDate, duration, bookingDeadline, delivery) VALUES(8, 2, 1, DATETIME('now', '+5 day', 'start of day', '14 hours', '30 minutes'), 1000*60*90, DATETIME('now', '+4 day', 'start of day', '23 hours', '59 minutes'), 'REMOTE');
INSERT INTO Lecture(lectureId, courseId, classId, startingDate, duration, bookingDeadline, delivery) VALUES(9, 1, 1, DATETIME('now', '-6 day', 'start of day', '17 hours', '30 minutes'), 1000*60*90, DATETIME('now', '-7 day', 'start of day', '23 hours', '59 minutes'), 'PRESENCE');
INSERT INTO Lecture(lectureId, courseId, classId, startingDate, duration, bookingDeadline, delivery) VALUES(10, 5, 1, DATETIME('now', '-5 day', 'start of day', '11 hours', '30 minutes'), 1000*60*90*3, DATETIME('now', '-1 day', 'start of day', '23 hours', '59 minutes'), 'PRESENCE');
INSERT INTO Lecture(lectureId, courseId, classId, startingDate, duration, bookingDeadline, delivery) VALUES(11, 8, 1, DATETIME('now', '-1 day', 'start of day', '8 hours', '30 minutes'), 1000*60*90*2, DATETIME('now', '-2 day', 'start of day', '23 hours', '59 minutes'), 'REMOTE');
INSERT INTO Lecture(lectureId, courseId, classId, startingDate, duration, bookingDeadline, delivery) VALUES(12, 4, 2, DATETIME('now', '-2 day', 'start of day', '14 hours', '30 minutes'), 1000*60*90, DATETIME('now', '-3 day', 'start of day', '23 hours', '59 minutes'), 'PRESENCE');
INSERT INTO Lecture(lectureId, courseId, classId, startingDate, duration, bookingDeadline, delivery) VALUES(13, 3, 3, DATETIME('now', '-3 day', 'start of day', '17 hours', '30 minutes'), 1000*60*90, DATETIME('now', '-4 day', 'start of day', '23 hours', '59 minutes'), 'REMOTE');
INSERT INTO Lecture(lectureId, courseId, classId, startingDate, duration, bookingDeadline, delivery) VALUES(14, 4, 4, DATETIME('now', '-4 day', 'start of day', '10 hours', '0 minutes'), 1000*60*90*2, DATETIME('now', '-5 day', 'start of day', '23 hours', '59 minutes'), 'PRESENCE');
INSERT INTO Lecture(lectureId, courseId, classId, startingDate, duration, bookingDeadline, delivery) VALUES(15, 9, 5, DATETIME('now', '-5 day', 'start of day', '11 hours', '30 minutes'), 1000*60*90, DATETIME('now', '-6 day', 'start of day', '23 hours', '59 minutes'), 'REMOTE');
INSERT INTO Lecture(lectureId, courseId, classId, startingDate, duration, bookingDeadline, delivery) VALUES(16, 5, 6, DATETIME('now', '0 day', 'start of day', '8 hours', '30 minutes'), 1000*60*90*2, DATETIME('now', '-1 day', 'start of day', '23 hours', '59 minutes'), 'PRESENCE');
INSERT INTO Lecture(lectureId, courseId, classId, startingDate, duration, bookingDeadline, delivery) VALUES(17, 1, 6, DATETIME('now', '0 day', 'start of day', '14 hours', '30 minutes'), 1000*60*90, DATETIME('now', '-1 day', 'start of day', '23 hours', '59 minutes'), 'PRESENCE');
INSERT INTO Lecture(lectureId, courseId, classId, startingDate, duration, bookingDeadline, delivery) VALUES(18, 2, 8, DATETIME('now', '0 day', 'start of day', '10 hours', '0 minutes'), 1000*60*90*3, DATETIME('now', '-1 day', 'start of day', '23 hours', '59 minutes'), 'REMOTE');
INSERT INTO Lecture(lectureId, courseId, classId, startingDate, duration, bookingDeadline, delivery) VALUES(19, 3, 1, DATETIME('now', '0 day', 'start of day', '14 hours', '30 minutes'), 1000*60*90*2, DATETIME('now', '-1 day', 'start of day', '23 hours', '59 minutes'), 'PRESENCE');
INSERT INTO Lecture(lectureId, courseId, classId, startingDate, duration, bookingDeadline, delivery) VALUES(20, 9, 2, DATETIME('now', '1 day', 'start of day', '17 hours', '30 minutes'), 1000*60*90, DATETIME('now', '0 day', 'start of day', '23 hours', '59 minutes'), 'PRESENCE');
INSERT INTO Lecture(lectureId, courseId, classId, startingDate, duration, bookingDeadline, delivery) VALUES(21, 10, 3, DATETIME('now', '2 day', 'start of day', '11 hours', '30 minutes'), 1000*60*90*3, DATETIME('now', '1 day', 'start of day', '23 hours', '59 minutes'), 'PRESENCE');
INSERT INTO Lecture(lectureId, courseId, classId, startingDate, duration, bookingDeadline, delivery) VALUES(22, 10, 4, DATETIME('now', '3 day', 'start of day', '14 hours', '30 minutes'), 1000*60*90*2, DATETIME('now', '2 day', 'start of day', '23 hours', '59 minutes'), 'PRESENCE');
INSERT INTO Lecture(lectureId, courseId, classId, startingDate, duration, bookingDeadline, delivery) VALUES(23, 4, 5, DATETIME('now', '4 day', 'start of day', '8 hours', '30 minutes'), 1000*60*90, DATETIME('now', '3 day', 'start of day', '23 hours', '59 minutes'), 'PRESENCE');
INSERT INTO Lecture(lectureId, courseId, classId, startingDate, duration, bookingDeadline, delivery) VALUES(24, 3, 6, DATETIME('now', '1 day', 'start of day', '11 hours', '30 minutes'), 1000*60*90, DATETIME('now', '0 day', 'start of day', '23 hours', '59 minutes'), 'REMOTE');
INSERT INTO Lecture(lectureId, courseId, classId, startingDate, duration, bookingDeadline, delivery) VALUES(25, 5, 6, DATETIME('now', '2 day', 'start of day', '10 hours', '0 minutes'), 1000*60*90, DATETIME('now', '1 day', 'start of day', '23 hours', '59 minutes'), 'PRESENCE');
INSERT INTO Lecture(lectureId, courseId, classId, startingDate, duration, bookingDeadline, delivery) VALUES(26, 1, 8, DATETIME('now', '3 day', 'start of day', '8 hours', '30 minutes'), 1000*60*90*3, DATETIME('now', '2 day', 'start of day', '23 hours', '59 minutes'), 'PRESENCE');
INSERT INTO Lecture(lectureId, courseId, classId, startingDate, duration, bookingDeadline, delivery) VALUES(27, 10, 9, DATETIME('now', '4 day', 'start of day', '10 hours', '0 minutes'), 1000*60*90, DATETIME('now', '3 day', 'start of day', '23 hours', '59 minutes'), 'REMOTE');
INSERT INTO Lecture(lectureId, courseId, classId, startingDate, duration, bookingDeadline, delivery) VALUES(28, 1, 9, DATETIME('now', '-10 day', 'start of day', '16 hours', '0 minutes'), 1000*60*90, DATETIME('now', '-11 day', 'start of day', '23 hours', '59 minutes'), 'PRESENCE');
INSERT INTO Lecture(lectureId, courseId, classId, startingDate, duration, bookingDeadline, delivery) VALUES(29, 1, 9, DATETIME('now', '-9 day', 'start of day', '11 hours', '30 minutes'), 1000*60*90*3, DATETIME('now', '-10 day', 'start of day', '23 hours', '59 minutes'), 'PRESENCE');
INSERT INTO Lecture(lectureId, courseId, classId, startingDate, duration, bookingDeadline, delivery) VALUES(30, 1, 9, DATETIME('now', '0 day', '1 hours', '50 minutes'), 1000*60*90, DATETIME('now', '-1 day', 'start of day', '23 hours', '59 minutes'), 'PRESENCE');
INSERT INTO Lecture(lectureId, courseId, classId, startingDate, duration, bookingDeadline, delivery) VALUES(31, 1, 9, DATETIME('now', '0 day', '1 hours', '25 minutes'), 1000*60*90*2, DATETIME('now', '-1 day', 'start of day', '23 hours', '59 minutes'), 'PRESENCE');

INSERT INTO Booking(studentId, lectureId, status) VALUES(1, 1, 'BOOKED');
INSERT INTO Booking(studentId, lectureId, status) VALUES(1, 8, 'BOOKED');
INSERT INTO Booking(studentId, lectureId, status) VALUES(1, 9, 'BOOKED');
INSERT INTO Booking(studentId, lectureId, status) VALUES(1, 10, 'BOOKED');
INSERT INTO Booking(studentId, lectureId, status) VALUES(2, 2, 'BOOKED');
INSERT INTO Booking(studentId, lectureId, status) VALUES(3, 3, 'BOOKED');
INSERT INTO Booking(studentId, lectureId, status) VALUES(6, 1, 'BOOKED');
INSERT INTO Booking(studentId, lectureId, status) VALUES(6, 2, 'BOOKED');
INSERT INTO Booking(studentId, lectureId, status) VALUES(6, 8, 'BOOKED');
INSERT INTO Booking(studentId, lectureId, status) VALUES(6, 10, 'BOOKED');
INSERT INTO Booking(studentId, lectureId, status) VALUES(6, 20, 'BOOKED');
INSERT INTO Booking(studentId, lectureId, status) VALUES(6, 21, 'BOOKED');
INSERT INTO Booking(studentId, lectureId, status) VALUES(7, 1, 'BOOKED');
INSERT INTO Booking(studentId, lectureId, status) VALUES(7, 2, 'BOOKED');
INSERT INTO Booking(studentId, lectureId, status) VALUES(7, 4, 'BOOKED');
INSERT INTO Booking(studentId, lectureId, status) VALUES(7, 17, 'BOOKED');
INSERT INTO Booking(studentId, lectureId, status) VALUES(7, 18, 'BOOKED');
INSERT INTO Booking(studentId, lectureId, status) VALUES(7, 20, 'BOOKED');
INSERT INTO Booking(studentId, lectureId, status) VALUES(7, 22, 'BOOKED');
INSERT INTO Booking(studentId, lectureId, status) VALUES(7, 23, 'BOOKED');
INSERT INTO Booking(studentId, lectureId, status) VALUES(8, 1, 'BOOKED');
INSERT INTO Booking(studentId, lectureId, status) VALUES(8, 2, 'BOOKED');
INSERT INTO Booking(studentId, lectureId, status) VALUES(8, 8, 'BOOKED');
INSERT INTO Booking(studentId, lectureId, status) VALUES(8, 9, 'BOOKED');
INSERT INTO Booking(studentId, lectureId, status) VALUES(8, 10, 'BOOKED');
INSERT INTO Booking(studentId, lectureId, status) VALUES(8, 11, 'BOOKED');
INSERT INTO Booking(studentId, lectureId, status) VALUES(8, 16, 'BOOKED');
INSERT INTO Booking(studentId, lectureId, status) VALUES(8, 17, 'BOOKED');
INSERT INTO Booking(studentId, lectureId, status) VALUES(8, 19, 'BOOKED');
INSERT INTO Booking(studentId, lectureId, status) VALUES(8, 21, 'BOOKED');
INSERT INTO Booking(studentId, lectureId, status) VALUES(8, 28, 'BOOKED');
INSERT INTO Booking(studentId, lectureId, status) VALUES(8, 29, 'BOOKED');
INSERT INTO Booking(studentId, lectureId, status) VALUES(9, 2, 'BOOKED');
INSERT INTO Booking(studentId, lectureId, status) VALUES(9, 6, 'BOOKED');
INSERT INTO Booking(studentId, lectureId, status) VALUES(9, 7, 'BOOKED');
INSERT INTO Booking(studentId, lectureId, status) VALUES(9, 8, 'BOOKED');
INSERT INTO Booking(studentId, lectureId, status) VALUES(9, 9, 'BOOKED');
INSERT INTO Booking(studentId, lectureId, status) VALUES(9, 10, 'BOOKED');
INSERT INTO Booking(studentId, lectureId, status) VALUES(9, 21, 'BOOKED');
INSERT INTO Booking(studentId, lectureId, status) VALUES(9, 22, 'BOOKED');
INSERT INTO Booking(studentId, lectureId, status) VALUES(9, 23, 'BOOKED');
INSERT INTO Booking(studentId, lectureId, status) VALUES(9, 25, 'BOOKED');
INSERT INTO Booking(studentId, lectureId, status) VALUES(9, 26, 'BOOKED');
INSERT INTO Booking(studentId, lectureId, status) VALUES(9, 29, 'BOOKED');
INSERT INTO Booking(studentId, lectureId, status) VALUES(10, 2, 'BOOKED');
INSERT INTO Booking(studentId, lectureId, status) VALUES(10, 4, 'BOOKED');
INSERT INTO Booking(studentId, lectureId, status) VALUES(10, 8, 'BOOKED');
INSERT INTO Booking(studentId, lectureId, status) VALUES(10, 9, 'BOOKED');
INSERT INTO Booking(studentId, lectureId, status) VALUES(10, 10, 'BOOKED');
INSERT INTO Booking(studentId, lectureId, status) VALUES(10, 11, 'BOOKED');
INSERT INTO Booking(studentId, lectureId, status) VALUES(10, 12, 'BOOKED');
INSERT INTO Booking(studentId, lectureId, status) VALUES(10, 14, 'BOOKED');
INSERT INTO Booking(studentId, lectureId, status) VALUES(10, 16, 'BOOKED');
INSERT INTO Booking(studentId, lectureId, status) VALUES(10, 18, 'BOOKED');
INSERT INTO Booking(studentId, lectureId, status) VALUES(10, 23, 'BOOKED');
INSERT INTO Booking(studentId, lectureId, status) VALUES(10, 26, 'BOOKED');
INSERT INTO Booking(studentId, lectureId, status) VALUES(11, 3, 'BOOKED');
INSERT INTO Booking(studentId, lectureId, status) VALUES(11, 4, 'BOOKED');
INSERT INTO Booking(studentId, lectureId, status) VALUES(11, 6, 'BOOKED');
INSERT INTO Booking(studentId, lectureId, status) VALUES(11, 7, 'BOOKED');
INSERT INTO Booking(studentId, lectureId, status) VALUES(11, 8, 'BOOKED');
INSERT INTO Booking(studentId, lectureId, status) VALUES(11, 9, 'BOOKED');
INSERT INTO Booking(studentId, lectureId, status) VALUES(11, 10, 'BOOKED');
INSERT INTO Booking(studentId, lectureId, status) VALUES(11, 17, 'BOOKED');
INSERT INTO Booking(studentId, lectureId, status) VALUES(11, 21, 'BOOKED');
INSERT INTO Booking(studentId, lectureId, status) VALUES(11, 24, 'BOOKED');
INSERT INTO Booking(studentId, lectureId, status) VALUES(11, 25, 'BOOKED');
INSERT INTO Booking(studentId, lectureId, status) VALUES(12, 4, 'BOOKED');
INSERT INTO Booking(studentId, lectureId, status) VALUES(12, 7, 'BOOKED');
INSERT INTO Booking(studentId, lectureId, status) VALUES(12, 9, 'BOOKED');
INSERT INTO Booking(studentId, lectureId, status) VALUES(12, 10, 'BOOKED');
INSERT INTO Booking(studentId, lectureId, status) VALUES(12, 16, 'BOOKED');
INSERT INTO Booking(studentId, lectureId, status) VALUES(12, 18, 'BOOKED');
INSERT INTO Booking(studentId, lectureId, status) VALUES(12, 19, 'BOOKED');
INSERT INTO Booking(studentId, lectureId, status) VALUES(12, 20, 'BOOKED');
INSERT INTO Booking(studentId, lectureId, status) VALUES(12, 21, 'BOOKED');
INSERT INTO Booking(studentId, lectureId, status) VALUES(12, 25, 'BOOKED');
INSERT INTO Booking(studentId, lectureId, status) VALUES(12, 26, 'BOOKED');
INSERT INTO Booking(studentId, lectureId, status) VALUES(13, 1, 'BOOKED');
INSERT INTO Booking(studentId, lectureId, status) VALUES(13, 7, 'BOOKED');
INSERT INTO Booking(studentId, lectureId, status) VALUES(13, 8, 'BOOKED');
INSERT INTO Booking(studentId, lectureId, status) VALUES(13, 10, 'BOOKED');
INSERT INTO Booking(studentId, lectureId, status) VALUES(13, 13, 'BOOKED');
INSERT INTO Booking(studentId, lectureId, status) VALUES(13, 14, 'BOOKED');
INSERT INTO Booking(studentId, lectureId, status) VALUES(13, 16, 'BOOKED');
INSERT INTO Booking(studentId, lectureId, status) VALUES(13, 19, 'BOOKED');
INSERT INTO Booking(studentId, lectureId, status) VALUES(13, 20, 'BOOKED');
INSERT INTO Booking(studentId, lectureId, status) VALUES(13, 22, 'BOOKED');
INSERT INTO Booking(studentId, lectureId, status) VALUES(13, 25, 'BOOKED');
INSERT INTO Booking(studentId, lectureId, status) VALUES(13, 26, 'BOOKED');
INSERT INTO Booking(studentId, lectureId, status) VALUES(13, 27, 'BOOKED');
INSERT INTO Booking(studentId, lectureId, status) VALUES(13, 28, 'BOOKED');

INSERT INTO WaitingList(studentId, lectureId, date) VALUES();
INSERT INTO WaitingList(studentId, lectureId, date) VALUES();
INSERT INTO WaitingList(studentId, lectureId, date) VALUES();
INSERT INTO WaitingList(studentId, lectureId, date) VALUES();

DROP trigger IF EXISTS delete_bookings_after_delete_lecture;
CREATE TRIGGER delete_bookings_after_delete_lecture BEFORE DELETE ON Lecture BEGIN INSERT INTO EmailQueue(sender, recipient, emailType, teacherId, studentId, courseId, courseName, lectureId, startingDate) SELECT TempLecture.email, User.email, "LESSON_CANCELLED", TempLecture.teacherId, Booking.studentId, TempLecture.courseId, TempLecture.description, TempLecture.lectureId, TempLecture.startingDate FROM Booking, (SELECT * FROM Lecture, Course, TeacherCourse, User WHERE Lecture.lectureId = OLD.lectureId AND Lecture.courseId = TeacherCourse.courseId AND TeacherCourse.teacherId = User.userId AND Course.courseId = Lecture.courseId) AS TempLecture, User WHERE Booking.lectureId = OLD.lectureId AND Booking.studentId = User.userId AND Booking.lectureId = TempLecture.lectureId; DELETE FROM Booking WHERE Booking.lectureId = OLD.lectureId; DELETE FROM WaitingList WHERE WaitingList.lectureId = OLD.lectureId; END;
